year;JP;US;DE;KR;FR;TW;IT;CA;GB;unknown;SE;FI;NL;CH;CN;NO;AU;IL;ES;NZ;HK;HU;RU;BE;CZ;DK;MY;ZA;BS;AT;IE;UA;LI;SH;IR;IN;JO;MA;CL;LU;PL;RO;SI;BG;DZ;MX;KY;LB;EE;TH;NE;SK;BR;SG;AL;GE;CR;TN;SA;PH;LR;HR;MT;BB;PA;UZ;TR;ID;NI;GR;IS;AR;VG;VE;EG;MH;RS;PK;PT;AN;KP;JE;PE;LV;DM;DO;ML;MM;BA;AM;VN;BY;AE;CO;LK;TZ;LC;KN;CS;CY;LT;AD;CM;KE;NA;AZ;GY;KG;KZ;KH;GF;NP;BD;BW;QA;NG;SL;GL;MO;KW;MC;ET;MK;NC;SC;ZM;GH;SN;LA
2000;420.40479797979606;206.90495920201747;98.13919519027127;58.80591630591646;32.085497835497804;23.69215686274511;18.69607843137254;16.464285714285715;15.882575757575754;13.0;8.696078431372547;8.68181818181818;7.999999999999999;7.744978479196556;6.161829836829837;5.9999999999999964;5.285714285714284;3.0909090909090913;2.9999999999999996;2.7333333333333325;2.172727272727273;2.0;1.7142857142857142;1.4666666666666666;1.0;1.0;1.0;0.9999999999999998;0.8999999999999999;0.8333333333333333;0.5;0.4242424242424242;0.3333333333333333;0.3333333333333333;0.22916666666666666;0.20952380952380953;0.16666666666666666;0.14705882352941177;0.09953703703703703;0.0;0.0;0.0;0.0;0.0;0.0;0.0;0.0;0.0;0.0;0.0;0.0;0.0;0.0;0.0;0.0;0.0;0.0;0.0;0.0;0.0;0.0;0.0;0.0;0.0;0.0;0.0;0.0;0.0;0.0;0.0;0.0;0.0;0.0;0.0;0.0;0.0;0.0;0.0;0.0;0.0;0.0;0.0;0.0;0.0;0.0;0.0;0.0;0.0;0.0;0.0;0.0;0.0;0.0;0.0;0.0;0.0;0.0;0.0;0.0;0.0;0.0;0.0;0.0;0.0;0.0;0.0;0.0;0.0;0.0;0.0;0.0;0.0;0.0;0.0;0.0;0.0;0.0;0.0;0.0;0.0;0.0;0.0;0.0;0.0;0.0;0.0;0.0;0.0;0.0
2001;528.5904761904775;240.41691015085604;104.90902611880864;81.55119047619087;35.891897081413184;17.33333333333333;8.066666666666666;17.690240459168344;19.190018315018314;14.0;11.166666666666668;6.000000000000002;12.520114667940753;7.716666666666667;13.43809523809524;0.14285714285714285;6.499999999999998;6.000000000000001;3.7499999999999996;1.9999999999999998;0.9727272727272728;1.0;3.071428571428571;1.0;0.0;5.266666666666671;0.0;4.000000000000001;0.5;4.666666666666667;1.0;0.0;0.0;0.0;0.0;1.0;0.0;0.0;0.0;1.0;1.0;1.0;0.9999999999999999;0.5714285714285714;0.07692307692307693;0.0;0.0;0.0;0.0;0.0;0.0;0.0;0.0;0.0;0.0;0.0;0.0;0.0;0.0;0.0;0.0;0.0;0.0;0.0;0.0;0.0;0.0;0.0;0.0;0.0;0.0;0.0;0.0;0.0;0.0;0.0;0.0;0.0;0.0;0.0;0.0;0.0;0.0;0.0;0.0;0.0;0.0;0.0;0.0;0.0;0.0;0.0;0.0;0.0;0.0;0.0;0.0;0.0;0.0;0.0;0.0;0.0;0.0;0.0;0.0;0.0;0.0;0.0;0.0;0.0;0.0;0.0;0.0;0.0;0.0;0.0;0.0;0.0;0.0;0.0;0.0;0.0;0.0;0.0;0.0;0.0;0.0;0.0;0.0
2002;508.6172785547773;197.00301719499777;117.17189754689751;82.56250000000037;32.87777777777778;28.62698412698412;14.242424242424244;16.55973748473748;21.912973137973136;8.0;12.401798830100706;2.5;9.869047619047624;5.027027027027029;14.701068376068367;0.0;11.699999999999998;3.0000000000000004;6.733333333333333;7.000000000000001;5.202472527472526;1.0;2.1597484276729575;1.0694444444444444;0.5555555555555556;1.9999999999999998;0.0;3.7666666666666666;0.0;7.399999999999998;0.0;3.7814016172506744;0.05660377358490566;0.0;0.0;0.25;0.0;0.0;0.07692307692307693;1.0833333333333333;0.3333333333333333;0.0;0.9999999999999999;0.0;0.0;0.9999999999999998;0.16666666666666666;0.16666666666666666;0.11320754716981131;0.1111111111111111;0.1;0.1;0.0;0.0;0.0;0.0;0.0;0.0;0.0;0.0;0.0;0.0;0.0;0.0;0.0;0.0;0.0;0.0;0.0;0.0;0.0;0.0;0.0;0.0;0.0;0.0;0.0;0.0;0.0;0.0;0.0;0.0;0.0;0.0;0.0;0.0;0.0;0.0;0.0;0.0;0.0;0.0;0.0;0.0;0.0;0.0;0.0;0.0;0.0;0.0;0.0;0.0;0.0;0.0;0.0;0.0;0.0;0.0;0.0;0.0;0.0;0.0;0.0;0.0;0.0;0.0;0.0;0.0;0.0;0.0;0.0;0.0;0.0;0.0;0.0;0.0;0.0;0.0;0.0
2003;494.5546536796499;218.27075735077688;119.8447596485645;71.99404761904788;34.28129713423834;66.08452380952384;6.681818181818184;26.5552711177711;18.94816433566433;7.0;10.974025974025968;4.09090909090909;10.961904761904758;8.09090909090909;28.030194805194807;2.8484848484848486;9.0;3.125;7.833333333333336;2.617647058823529;2.6428571428571423;1.0;4.340909090909093;1.75;0.14285714285714285;4.205882352941177;1.0;3.499999999999999;1.0;3.794871794871791;3.4761904761904767;4.597619047619048;0.5;0.0;0.0;5.833333333333336;0.0;0.0;0.0;0.0;0.0;0.09090909090909091;1.0;0.0;0.0;0.2159090909090909;0.2727272727272727;0.0;0.0;0.6704545454545455;0.0;0.2;2.0;0.7;0.16666666666666666;0.1111111111111111;0.0;0.0;0.0;0.0;0.0;0.0;0.0;0.0;0.0;0.0;0.0;0.0;0.0;0.0;0.0;0.0;0.0;0.0;0.0;0.0;0.0;0.0;0.0;0.0;0.0;0.0;0.0;0.0;0.0;0.0;0.0;0.0;0.0;0.0;0.0;0.0;0.0;0.0;0.0;0.0;0.0;0.0;0.0;0.0;0.0;0.0;0.0;0.0;0.0;0.0;0.0;0.0;0.0;0.0;0.0;0.0;0.0;0.0;0.0;0.0;0.0;0.0;0.0;0.0;0.0;0.0;0.0;0.0;0.0;0.0;0.0;0.0;0.0
2004;538.0142857142829;217.97424861913422;130.05782828282818;100.68418803418828;40.40043290043288;39.903787878787874;21.54285714285713;25.644209956709954;32.48273996118828;17.0;11.45263157894737;1.4235294117647062;10.588888888888889;14.1375;29.100706646294878;1.0;3.1379310344827593;2.0;0.9999999999999999;4.0404040404040416;4.541666666666667;1.0;2.4913620988367287;3.4242424242424243;1.1625;6.4;0.18181818181818182;0.0;3.0;4.5500000000000025;1.75;7.749999999999994;0.0;0.0;0.0;1.2499999999999998;0.0;0.0;0.0;0.0;1.0;3.1007936507936504;0.0;0.125;0.14285714285714285;0.0;0.25;0.0;0.0;0.5;0.0;0.0;0.0;1.4166666666666665;0.0;0.0;1.0;1.0;0.2;0.1;0.07692307692307693;0.0;0.0;0.0;0.0;0.0;0.0;0.0;0.0;0.0;0.0;0.0;0.0;0.0;0.0;0.0;0.0;0.0;0.0;0.0;0.0;0.0;0.0;0.0;0.0;0.0;0.0;0.0;0.0;0.0;0.0;0.0;0.0;0.0;0.0;0.0;0.0;0.0;0.0;0.0;0.0;0.0;0.0;0.0;0.0;0.0;0.0;0.0;0.0;0.0;0.0;0.0;0.0;0.0;0.0;0.0;0.0;0.0;0.0;0.0;0.0;0.0;0.0;0.0;0.0;0.0;0.0;0.0;0.0
2005;658.6173812298796;274.93031175219284;129.3251554001556;173.5035103785098;33.04444444444444;77.4222222222221;20.766386554621842;35.861111111111086;20.993764057579853;14.0;2.4385964912280707;3.3000000000000003;9.947197539302797;9.776129426129424;62.60049485538627;2.333333333333333;4.84965034965035;6.142857142857143;4.055555555555555;2.333333333333333;2.6523809523809527;0.1875;3.09313725490196;3.400000000000001;1.2142857142857142;5.366666666666665;2.2460317460317456;2.0;2.4166666666666665;6.449999999999997;0.34090909090909094;5.538095238095235;0.0;0.0;0.0;0.5667545015371103;0.0;1.0;0.125;0.0;0.16666666666666666;1.3095238095238093;0.7999999999999999;0.0;1.0;1.0434782608695652;0.0;0.0;0.0;0.95;0.0;0.0;0.0;2.9999999999999996;0.0;0.0;0.0;0.0;0.0;0.0;0.0;1.0;0.875;0.5;0.2;0.14285714285714285;0.1111111111111111;0.0625;0.0;0.0;0.0;0.0;0.0;0.0;0.0;0.0;0.0;0.0;0.0;0.0;0.0;0.0;0.0;0.0;0.0;0.0;0.0;0.0;0.0;0.0;0.0;0.0;0.0;0.0;0.0;0.0;0.0;0.0;0.0;0.0;0.0;0.0;0.0;0.0;0.0;0.0;0.0;0.0;0.0;0.0;0.0;0.0;0.0;0.0;0.0;0.0;0.0;0.0;0.0;0.0;0.0;0.0;0.0;0.0;0.0;0.0;0.0;0.0;0.0
2006;728.0507423132464;309.7319382343994;161.25330806963925;330.4356060606061;68.89761904761917;86.85000000000011;10.587499999999997;32.67176108915238;23.24166666666668;26.0;8.0;5.8125;16.648809523809526;12.85606060606061;100.94083416583426;2.285714285714287;3.7936507936507935;4.428571428571429;7.45;3.0000000000000004;8.62063492063492;1.0;7.065476190476188;3.5333333333333337;1.8232323232323235;6.006410256410257;0.33333333333333337;0.2222222222222222;1.5;8.08831168831169;2.0;3.8750000000000027;0.0;0.0;0.1;2.153113553113553;0.0;0.0;0.0;0.5;1.7192982456140353;0.7361111111111112;0.0;0.0;0.0;0.0;0.0;0.0;0.0;0.0;0.0;0.07142857142857142;1.0;2.9603174603174605;0.0;0.0;0.0;0.0;0.0;0.0;0.0;0.0;0.6000000000000001;0.42857142857142855;0.0;0.0;0.0;0.06666666666666667;0.3333333333333333;0.25;0.07692307692307693;0.0;0.0;0.0;0.0;0.0;0.0;0.0;0.0;0.0;0.0;0.0;0.0;0.0;0.0;0.0;0.0;0.0;0.0;0.0;0.0;0.0;0.0;0.0;0.0;0.0;0.0;0.0;0.0;0.0;0.0;0.0;0.0;0.0;0.0;0.0;0.0;0.0;0.0;0.0;0.0;0.0;0.0;0.0;0.0;0.0;0.0;0.0;0.0;0.0;0.0;0.0;0.0;0.0;0.0;0.0;0.0;0.0;0.0
2007;814.3786130106581;385.32648133672143;158.33893133010773;277.213480392155;62.937301587301675;95.20912698412702;13.636343700159493;35.98480038480038;39.068831392206036;27.0;12.96111111111113;13.766666666666666;9.359096225412008;11.84047619047618;103.32006983814253;5.608333333333331;2.0396825396825395;5.2695012787723785;9.125000000000002;3.6666666666666674;4.360317460317461;5.515151515151512;5.65;2.904166666666667;0.0;3.241666666666667;0.16993464052287582;3.5000000000000004;0.0;11.464869281045758;0.8125;5.293055555555555;0.0;0.0;0.0;2.507299044713232;0.2222222222222222;0.0;0.16666666666666666;1.0;0.0;2.0666666666666664;3.000000000000001;0.058823529411764705;0.0;1.083333333333333;0.0;0.0;0.0;1.2666666666666668;0.0;0.0;2.1111111111111116;5.566666666666667;0.0;0.0;0.0;0.0;0.0;1.1111111111111112;0.0;0.0;0.0;0.0;0.0;0.25;0.9999999999999998;0.0;0.0;0.18181818181818182;0.0;0.6666666666666666;0.3333333333333333;0.23529411764705882;0.16666666666666666;0.043478260869565216;0.0;0.0;0.0;0.0;0.0;0.0;0.0;0.0;0.0;0.0;0.0;0.0;0.0;0.0;0.0;0.0;0.0;0.0;0.0;0.0;0.0;0.0;0.0;0.0;0.0;0.0;0.0;0.0;0.0;0.0;0.0;0.0;0.0;0.0;0.0;0.0;0.0;0.0;0.0;0.0;0.0;0.0;0.0;0.0;0.0;0.0;0.0;0.0;0.0;0.0;0.0;0.0;0.0
2008;943.4150849150928;441.72939643689534;176.37152403152442;262.3209956709966;91.62253302253288;136.68852813852814;22.10470085470085;28.708340270840257;38.3738455988456;61.0;16.160317460317465;14.104761904761897;22.472247197247203;14.176028138528125;109.26731990231993;0.0;8.646103896103899;12.399999999999997;11.5547619047619;3.138095238095238;5.083333333333335;0.16666666666666666;5.7378787878787865;5.938888888888889;0.8055555555555556;10.17136752136752;2.166666666666667;0.5454545454545455;0.0;14.949999999999994;2.333333333333333;2.0000000000000004;0.0;0.0;0.0;4.326994949494949;0.6111111111111112;0.0;0.0;0.0;1.9166666666666659;2.7376373626373627;0.14285714285714285;0.08333333333333333;0.1;0.0;0.45238095238095233;0.0;0.0;0.0;0.0;0.0;2.1916666666666664;4.610714285714286;0.0;0.0;0.0;0.0;0.1111111111111111;0.0;0.0;0.06666666666666667;1.0;0.0;0.0;0.0;0.0;0.41666666666666663;0.0;0.16666666666666669;0.0;0.0;0.0;0.0;0.0;0.0;0.3333333333333333;0.14285714285714285;0.125;0.09090909090909091;0.09090909090909091;0.08333333333333333;0.045454545454545456;0.0;0.0;0.0;0.0;0.0;0.0;0.0;0.0;0.0;0.0;0.0;0.0;0.0;0.0;0.0;0.0;0.0;0.0;0.0;0.0;0.0;0.0;0.0;0.0;0.0;0.0;0.0;0.0;0.0;0.0;0.0;0.0;0.0;0.0;0.0;0.0;0.0;0.0;0.0;0.0;0.0;0.0;0.0;0.0;0.0;0.0
2009;1007.258560282182;485.2844752059991;263.3866050616061;285.96668831168773;89.09694948154701;149.03672268907584;33.00307422046549;41.49808426867255;37.8216874407862;77.0;21.3756313131313;13.999999999999998;15.226483118330938;21.146685340802986;149.60080156771335;2.25;4.644444444444444;17.257936507936492;7.77083333333333;1.0;4.4855921855921865;0.738095238095238;9.681442577030811;12.529824561403512;3.019607843137255;4.2250000000000005;3.991666666666667;1.0;0.0;17.531890331890338;1.1818181818181817;4.410714285714287;0.0;0.0;0.0;6.568923636188552;0.0;0.6666666666666666;0.1;0.6666666666666666;1.3666666666666667;2.805158730158731;0.9999999999999999;0.5333333333333333;0.0;1.0;0.0;0.1111111111111111;0.0;0.08;0.0;0.0;1.0;2.301190476190476;0.0;0.0;0.0;0.0;0.0;0.0;0.0;0.1111111111111111;0.3333333333333333;0.0;0.0;0.0;6.000000000000003;0.0;0.0;0.1111111111111111;0.0;0.0;0.0;0.0;1.0;0.0;0.0;0.0;0.9999999999999999;0.0;0.0;0.0;0.0;1.0;0.5;0.5;0.3333333333333333;0.14285714285714285;0.125;0.1111111111111111;0.1111111111111111;0.0;0.0;0.0;0.0;0.0;0.0;0.0;0.0;0.0;0.0;0.0;0.0;0.0;0.0;0.0;0.0;0.0;0.0;0.0;0.0;0.0;0.0;0.0;0.0;0.0;0.0;0.0;0.0;0.0;0.0;0.0;0.0;0.0;0.0;0.0;0.0;0.0;0.0
2010;1138.3200567406477;584.0263026634027;343.1238510969664;316.0359360410806;126.96787518037559;178.4989974937343;22.76291486291485;34.64558452168745;38.265308678735444;37.0;32.12447691197692;8.719298245614036;12.413398536672187;27.774358134555495;334.8047218261604;1.6847953216374265;8.224999999999998;8.772162004662004;11.999999999999995;8.0;3.3977272727272725;1.0;5.2623737373737365;6.338239319160375;4.604166666666666;5.1119047619047615;2.0666666666666664;3.4000000000000026;0.0;25.713492063492048;1.0;0.0;0.0;0.0;0.4222222222222222;15.283995764964182;0.5357142857142857;0.9999999999999999;0.2631578947368421;1.1;1.786096256684492;1.9945378151260504;0.0;1.0;0.0;1.0869565217391304;0.0;0.0;0.0;0.047619047619047616;0.0;0.0;0.690527950310559;9.880952380952383;0.0;0.08333333333333333;0.0;0.0;1.25;0.07142857142857142;0.0;0.5285714285714286;0.0;0.0;0.0;0.0;4.6309523809523805;1.0;0.0;0.3142857142857143;0.0;0.0;0.0;0.0;0.0;0.0;0.0;0.0;1.0;0.0;0.07142857142857142;0.0;0.1111111111111111;0.0;0.0;0.0;0.0;0.0;0.0;0.0;0.0;1.310714285714286;1.0;0.5;0.5;0.2;0.14285714285714285;0.07142857142857142;0.0625;0.0;0.0;0.0;0.0;0.0;0.0;0.0;0.0;0.0;0.0;0.0;0.0;0.0;0.0;0.0;0.0;0.0;0.0;0.0;0.0;0.0;0.0;0.0;0.0;0.0;0.0;0.0;0.0;0.0;0.0
2011;1886.021768874392;688.7842148807076;568.8821745772547;767.8562165174081;137.2153147577062;214.8896825396823;39.343944099378916;67.84535758359296;56.16832051116951;126.0;29.405266955266942;19.403571428571457;19.06163987015915;31.09911893661893;325.0817023374985;1.625;10.436230436230431;14.222186147186157;19.931335331335323;8.351190476190474;3.2000000000000006;1.7857142857142856;9.042271062271062;12.690435139573067;0.5;11.06666666666667;2.859313725490196;0.09821428571428571;0.5;32.87720890220891;0.0;1.5784615384615386;0.0;0.0;0.5;18.50955148503101;0.0;2.0;1.8888888888888893;1.4102564102564101;2.2588235294117647;1.8769841269841274;0.9580419580419581;0.3333333333333333;0.1;1.2291666666666667;0.0;0.2857142857142857;0.0;0.08333333333333333;0.0;0.6666666666666667;1.1242424242424243;8.310689310689312;0.0;0.0;0.0;0.4472222222222222;1.9333333333333333;0.1111111111111111;0.0;0.09583333333333333;0.0;0.0;0.0;0.0;2.0;0.0;0.0;0.2955555555555555;1.5;0.05555555555555555;0.0;0.0;0.0;0.0;0.0;0.0;1.3333333333333335;0.0;0.0;0.0;0.0;0.0;0.0;0.0;0.0;0.0;0.0;0.0;0.3333333333333333;0.7333333333333334;0.0;0.0;1.0;0.0;0.0;0.06666666666666667;0.0;2.2222222222222223;1.0;0.4;0.06666666666666667;0.047619047619047616;0.0;0.0;0.0;0.0;0.0;0.0;0.0;0.0;0.0;0.0;0.0;0.0;0.0;0.0;0.0;0.0;0.0;0.0;0.0;0.0;0.0;0.0;0.0;0.0;0.0
2012;2660.8314320341406;788.7036048731611;718.3635841141299;1012.9294118319522;205.16232042810933;276.02545568466627;32.47010489510492;72.2957603456057;79.13226254739416;180.0;29.166941391941407;9.287037037037036;20.45761183261181;30.203572413249795;405.0807906489776;8.999999999999996;15.086538461538458;21.337121212121218;20.195948540706603;10.583333333333332;6.590909090909091;0.5916666666666666;9.73169657140245;12.416125541125536;2.999999999999999;8.494841269841272;2.0166666666666666;6.609890109890107;0.0;42.01956279587866;5.485515873015873;3.227716727716728;0.0;0.0;0.05263157894736842;25.036976911976886;0.125;1.0;0.0;0.3113354037267081;3.7237394957983208;1.1595238095238096;2.0;1.9344988344988343;0.2777777777777778;0.1736111111111111;0.0;0.0;3.0000000000000036;3.3325396825396836;0.0;3.0625;4.1499999999999995;5.8500000000000005;0.0;0.1111111111111111;0.0;0.5714285714285714;0.0;0.125;0.0;0.6776315789473684;0.0;0.0;0.0;0.0;6.125;0.2857142857142857;0.0;0.42612942612942606;0.0;1.0;0.0;0.0;0.0;0.0;0.41666666666666663;0.25;3.233333333333333;0.0;0.16666666666666666;0.0;0.16666666666666666;0.0;0.0;0.0;0.0;0.0;0.05263157894736842;0.0;0.18803418803418803;0.1111111111111111;1.0;0.0625;1.2222222222222223;0.0;0.0;0.0;0.0;0.0;0.75;0.0;0.0;0.0;0.5;0.25;0.17763157894736842;0.14285714285714285;0.1111111111111111;0.09090909090909091;0.05263157894736842;0.045454545454545456;0.0;0.0;0.0;0.0;0.0;0.0;0.0;0.0;0.0;0.0;0.0;0.0;0.0;0.0;0.0;0.0;0.0
2013;2945.2494154481683;912.9277404364808;752.6976442249075;1125.794314228334;225.54657636395243;293.70645620289446;36.41461357270181;66.4519532875108;71.44266993371491;210.0;31.177871148459367;21.58214285714285;29.589370863055084;24.198525962341755;472.3910376510968;7.000000000000003;11.695238095238095;21.784523809523808;20.859022556390972;14.149067599067589;5.542857142857143;1.4;6.931852358168148;10.055573593073593;2.6149253731343265;4.208333333333334;7.312155388471175;4.0;0.0;40.91241341991344;4.076923076923077;0.9444444444444444;0.0;0.0;0.22916666666666666;30.54687930318733;0.041666666666666664;0.11764705882352941;0.5;1.5;7.041666666666665;2.326691729323308;0.2222222222222222;0.0;0.0;0.36507936507936506;0.3333333333333333;0.0;1.125;2.0;0.0;0.0;2.361111111111111;17.07400793650793;0.0;0.0;0.0;0.0;2.25;0.0625;0.0;2.0;0.0;0.0;0.14285714285714285;0.2;4.800000000000001;0.3;0.0;0.8484848484848485;0.0;0.5;0.0;0.2118226600985222;0.08333333333333333;0.0;0.12662337662337664;1.5333333333333332;0.0;0.0;0.32048872180451127;0.0;0.0;0.0;0.0;0.0;0.0;0.0;0.0;0.0;0.06666666666666667;0.0;1.0;0.25;0.0;0.0;0.0;0.0;0.0;0.0;1.0;0.0;0.18181818181818182;0.045454545454545456;0.0;0.0;0.0;0.5;0.0;0.0;0.0;0.0;0.1;0.034482758620689655;0.0;0.0;0.0;0.0;0.0;0.0;0.0;0.0;0.0;0.0;0.0;0.0;0.0;0.0;0.0
2014;2876.5885897148446;1088.2792753103922;774.0501153387418;1263.9639227652008;214.5445424458575;273.45170940170846;45.21269841269846;64.7624765799335;113.6272076306906;225.0;43.814995822890594;34.815789473684234;30.81218487394954;33.66184093684093;609.810142119411;5.141666666666667;12.251359751359752;27.831161236424396;23.449084249084233;18.86666666666669;8.366666666666667;1.012987012987013;15.462895072763489;14.502813852813851;1.5;6.5833333333333295;1.1666666666666665;2.0;0.0;64.53792270531402;1.6428571428571428;2.0454545454545454;0.0;0.0;0.08333333333333333;16.007500349891657;0.0;1.0;2.153846153846154;0.0;6.178571428571428;1.7;0.8428571428571427;1.0833333333333333;0.0;6.33333333333333;0.0;0.0;0.0;4.242857142857142;0.0;1.0;2.0;13.016666666666659;0.0;0.0;0.0;0.08333333333333333;0.5714285714285714;1.2222222222222223;0.0;1.2666666666666668;0.0;0.0;0.2;0.0;1.6428571428571428;3.7;0.0;0.16666666666666666;0.0;0.25;0.0;0.0;0.07692307692307693;0.0;2.196221322537112;0.16666666666666666;2.1818181818181825;0.0;1.3111111111111111;0.07692307692307693;0.0;2.0;0.0;0.0;0.0;0.0;0.0;0.5;0.3333333333333333;0.09090909090909091;0.0;1.111111111111111;0.1;0.1;0.0;0.0;0.0;0.0;0.0;0.0;0.043478260869565216;0.5769230769230769;0.2;0.0;0.18803418803418803;0.0;0.0;0.0;0.0;0.0;0.06666666666666667;0.0;0.6666666666666666;0.26785714285714285;0.14285714285714285;0.1;0.0;0.0;0.0;0.0;0.0;0.0;0.0;0.0;0.0;0.0;0.0
2015;2553.0712343212035;1098.0546995187503;760.8062114356254;1382.8775960752168;229.54444550547382;264.94325396825326;41.22380952380953;71.0301849079713;98.70636724386745;148.0;37.09999999999999;26.75952380952381;33.210256410256406;40.32142857142858;741.3986877286817;7.199999999999997;13.81666666666667;32.8273504273504;20.742857142857133;14.981900942195063;10.874999999999998;1.5;10.565252802752788;14.06904761904761;1.3333333333333333;7.833333333333334;2.467857142857143;5.0;0.0;38.768253968254015;5.936507936507934;2.250000000000001;0.0;0.0;0.25;22.223120300751884;0.0;1.0;3.0;0.3333333333333333;4.288888888888888;1.7575757575757576;1.6666666666666665;0.16666666666666666;0.0;3.7499999999999996;0.0;0.7666666666666666;0.0;1.0454545454545454;0.0;0.25396825396825395;2.333333333333333;16.565430622009558;0.0;0.0;0.0;0.375;0.0;0.0;0.0;0.0;0.0;0.0;0.0;0.0;6.226190476190475;0.125;0.0;0.4583333333333333;0.0;0.0;0.0;1.0588235294117647;0.07142857142857142;0.0;0.5;0.4880952380952381;2.0;0.0;0.0;0.0;0.0;0.0;0.0;0.0;0.0;0.0;0.0;0.0;1.15;0.3151515151515152;2.75;0.06666666666666667;0.47692307692307695;0.0;0.0;0.0;0.0;0.0;0.0;0.0;0.0;0.0;0.0;0.0;0.0;0.0;0.0;0.0;0.0;0.0;0.0;0.0;0.0;0.16666666666666666;0.0;0.0;1.3333333333333333;1.0;0.6000000000000001;0.2222222222222222;0.0;0.0;0.0;0.0;0.0;0.0;0.0
2016;2519.190101347455;1213.1619768437263;688.340006732403;1410.191910622046;188.58401875901868;278.8350193107539;45.1992612460004;57.643849206349216;108.93328483092453;144.0;44.66252587991719;23.634782608695666;30.56709956709954;48.04123228983076;802.9893307028412;15.277777777777782;15.074999999999992;31.590187590187572;23.8287019459654;23.646825396825392;9.245238095238097;2.477777777777778;10.39511599511599;15.644211344211334;3.0;5.666666666666668;7.462185686653771;4.25;0.0;35.25151515151514;3.916666666666666;0.375;0.0;0.0;0.6726190476190476;24.69230821720199;0.0;1.2499999999999998;1.0000000000000002;0.0;9.000000000000002;0.7;0.5;1.0;0.0;6.181818181818182;0.0;0.0;0.0;2.0;0.0;0.0;1.9999999999999998;15.053030303030301;0.0;0.0;0.3333333333333333;0.0;3.000000000000002;0.0;0.0;0.25;0.5;0.0;0.25;0.0;4.361111111111112;1.0666666666666667;0.0;0.18596491228070175;0.0;1.0;0.0;0.6666666666666666;1.6697802197802198;0.0;0.0;0.0;4.404761904761907;0.0;0.14285714285714285;0.06666666666666667;0.058823529411764705;0.0;0.0;1.0;0.0;0.0;0.0;0.0;0.9345238095238094;0.26666666666666666;1.25;1.0;0.3151315789473684;0.0;0.0;0.0;0.0;0.0;0.0;0.0;0.25;0.6666666666666666;0.0;0.3333333333333333;0.0;0.0;2.0000000000000004;0.0;0.0;0.0;0.9999999999999999;0.0;0.6000000000000001;0.0;0.0;0.0;0.5;0.0;0.0;0.0;0.8;0.0;0.0;0.0;0.0;0.0;0.0
2017;2606.2549353424183;1323.176476711144;640.3853332340173;1494.7806124431067;159.1246753246758;243.41666666666612;38.75357142857145;85.72167415917436;131.90818903318888;127.0;41.31902264402264;29.847222222222236;38.99761904761903;29.92577030812323;1150.5584156584132;17.49999999999999;28.283333333333314;33.38794903926483;21.698798423798454;15.533333333333324;13.98711473711472;3.0;12.761111111111124;28.0222222222222;2.0;12.846882915845772;7.79522357723577;4.25;0.0;33.548412698412704;5.500000000000001;0.325;0.0;0.0;0.7205128205128204;36.21446128397351;0.0;0.0;0.3333333333333333;1.4722222222222223;8.29999999999999;4.333333333333333;0.0;1.5714285714285712;0.0;2.214285714285714;0.0;0.0;0.0;1.0;0.0;1.1111111111111116;6.725;16.800000000000004;0.0;0.01282051282051282;0.0;0.0;10.624999999999998;0.14285714285714285;0.0;0.0;1.9999999999999998;0.0;1.0;0.0;18.666666666666675;0.0;0.0;1.0;1.0;1.4000000000000001;0.0;0.14285714285714285;0.14285714285714285;0.0;0.0;0.25;1.3818181818181818;0.0;0.34090909090909094;0.0;0.037037037037037035;0.0;0.0;0.0;0.0;0.0;0.0;0.0;0.6;1.1916666666666667;1.0;0.07692307692307693;0.0;0.0;0.0;0.0;0.0;1.0;1.0;0.5;0.0;0.3333333333333333;1.0;0.0;0.0;0.0;0.0;0.0;0.0;0.0;1.0000000000000002;0.0;3.0;0.0;0.0;0.0;0.0;0.0;1.0;0.125;0.0;0.6666666666666666;0.5;0.25;0.125;0.08333333333333333;0.0
2018;2870.811113886067;1344.7039681121971;916.1996030843966;1609.2467948717665;239.70031328320823;276.02409812409803;53.883080808080926;94.3614747653448;125.20600335337191;156.0;48.74829059829064;23.1;31.86904761904764;41.01309523809527;1472.6033433972284;20.94404761904761;26.022161172161155;38.045238095238055;23.642857142857192;11.278174603174598;17.476984126984124;0.875;10.993686868686874;27.68373015873016;2.25;15.284523809523806;4.107142857142858;0.49122807017543857;0.0;88.6488095238096;7.083333333333333;1.1583333333333332;0.0;0.0;0.038461538461538464;47.941175491175535;0.0;1.0;1.5;2.6;4.566666666666666;1.5;1.6369047619047619;3.0000000000000013;0.0;6.976190476190476;0.0;0.0;5.000000000000003;4.176923076923076;0.0;0.0;8.142857142857139;20.754545454545443;0.0;0.0;0.0;0.0;8.781818181818181;0.21978021978021978;0.0;0.0;9.600000000000001;0.0;0.0;0.0;14.866666666666658;0.17692307692307693;0.0;3.066666666666667;0.07142857142857142;1.5;0.0;0.0;1.35515873015873;0.0;0.0;0.08333333333333333;1.0;0.0;0.0;0.0;0.0;0.25;0.0;0.8333333333333334;0.0;0.0;0.0;0.0;0.4909090909090909;0.0;2.0;2.090909090909091;0.6666666666666666;0.0;0.0;0.0;0.0;0.0;0.25;0.0;0.0;0.365079365079365;0.0;0.5;0.0;0.0;0.0;0.0;0.0;0.6190476190476191;0.9230769230769229;0.0;1.0;0.0;0.0;0.0;0.0;0.0;0.0;0.0;0.0;0.0;0.0;0.0;0.0;0.0;0.0
2019;3346.816447740381;1363.8192991106894;1125.6936321673327;1843.2872625196605;281.0148888693004;271.49314859266843;71.89325396825404;81.49106073664896;136.07651792651833;226.0;53.38522588522592;24.527272727272745;48.37694805194807;56.71838439338459;1783.1020632021457;12.238095238095237;25.82215909090908;27.374608724608738;28.842857142857117;5.668686868686868;8.479761904761904;2.490909090909091;10.03003246753246;29.234498606205754;6.542857142857143;22.722222222222218;3.7846027846027854;3.0;0.0;70.82575757575759;4.897435897435896;3.5;1.0;0.0;4.058823529411765;39.06255490494626;0.0;0.0;1.0;0.2;6.702380952380955;7.449999999999998;2.3571428571428568;3.0625;1.0;6.923412698412695;0.0;0.0;2.05;1.1428571428571428;0.5;3.681385281385282;7.343885281385283;22.85427807486631;0.0;0.3333333333333333;0.0;0.0;11.171428571428567;0.2857142857142857;0.0;0.0;1.9999999999999998;0.0;0.0;0.0;17.043478260869552;0.07692307692307693;0.0;2.1435897435897435;1.0;1.0;1.0;0.15555555555555556;1.6666666666666665;0.0;0.5833333333333333;0.30952380952380953;2.5000000000000004;0.0;0.0;0.0;0.0;0.0;0.0;0.0;0.0;0.0;1.0;0.0;0.5246753246753247;0.16666666666666666;0.0;1.0;0.0;0.0;0.0;0.0;0.0;0.0;0.0;0.0;0.0;1.0;0.0;0.0;0.0;0.0;0.5;0.0;0.0;0.0;1.0;0.0;1.0;0.0;0.0;0.0;0.0;0.0;0.0;0.0;0.0;0.0;0.0;0.0;0.0;0.0;1.0
